Date,Tank.ID,Treatment.ID.initial,head.tank.INITIAL,tray.ID.INTIAL,Treatment.ID.SUBSQ,head.tank.SUBSQ,tray.ID.SUBSQ,RUN,SDR_position,Sw.Condition,mean_length,sum_length,count_individuals,mean_biovolume,resp.COUNT.µg.L.hr.indiv
20190723,H1_T2,AH,NA,NA,AH,NA,NA,2,B5,Amb.7.8,6.419333333,19.258,3,0.061730749,3.930953503
20190723,H1_T8,AH,NA,NA,AH,NA,NA,2,C4,Amb.7.8,7.100666667,21.302,3,0.059897416,7.860312759
20190723,H1_T2,AH,NA,NA,AH,NA,NA,2,B4,Amb.7.8,5.751666667,17.255,3,0.068097416,1.952456696
20190723,H1_T2,AH,NA,NA,AH,NA,NA,2,A3,Amb.7.8,6.571666667,19.715,3,0.062064083,1.72412148
20190723,H1_T2,AH,NA,NA,AH,NA,NA,2,A6,Amb.7.8,5.526333333,16.579,3,0.055730749,-0.926576412
20190723,H1_T4,AH,NA,NA,AH,NA,NA,2,A4,Amb.7.8,6.25,18.75,3,0.043697416,5.174255044
20190723,H1_T8,AH,NA,NA,AH,NA,NA,2,D5,Amb.7.8,7.081333333,21.244,3,0.100997416,8.258401519
20190723,H1_T4,AH,NA,NA,AH,NA,NA,2,A5,Amb.7.8,7.224,21.672,3,0.113164083,1.776245456
20190723,H1_T4,AH,NA,NA,AH,NA,NA,2,C6,Amb.7.8,6.705666667,20.117,3,0.085297416,5.383956165
20190723,H1_T8,AH,NA,NA,AH,NA,NA,2,D3,Amb.7.8,7.855666667,23.567,3,0.123264083,14.02053789
20190723,H1_T4,AH,NA,NA,AH,NA,NA,2,B6,Amb.7.8,6.892666667,20.678,3,0.079597416,-0.773872545
20190723,H1_T4,AH,NA,NA,AH,NA,NA,2,B3,Amb.7.8,6.479333333,19.438,3,0.100997416,5.25580152
20190723,H1_T6,AH,NA,NA,AH,NA,NA,2,C3,Amb.7.8,7.398666667,22.196,3,0.134630749,10.07262453
20190723,H1_T8,AH,NA,NA,AH,NA,NA,2,C5,Amb.7.8,6.952333333,20.857,3,0.104664083,7.895976686
20190723,H1_T6,AH,NA,NA,AH,NA,NA,2,D1,Amb.7.8,7.715666667,23.147,3,0.149297416,9.66909617
20190723,H1_T6,AH,NA,NA,AH,NA,NA,2,B1,Amb.7.8,7.025,21.075,3,0.089130749,5.318655686
20190723,H1_T2,AH,NA,NA,AH,NA,NA,2,A2,Amb.7.8,5.870666667,17.612,3,0.062197416,4.485861932
20190723,H1_T6,AH,NA,NA,AH,NA,NA,2,D4,Amb.7.8,6.825,20.475,3,0.106097416,11.28820906
20190723,H1_T6,AH,NA,NA,AH,NA,NA,2,C2,Amb.7.8,7.772666667,23.318,3,0.123330749,13.20227638
20190723,H1_T8,AH,NA,NA,AH,NA,NA,2,D6,Amb.7.8,7.596333333,22.789,3,0.098864083,9.638612195
20190723,H1_T1,EH,NA,NA,EH,NA,NA,1,A5,Mod.7.3,7.761333333,23.284,3,0.151764083,8.265783718
20190723,H1_T7,EH,NA,NA,EH,NA,NA,1,B6,Mod.7.3,6.132666667,18.398,3,0.080697416,6.597713368
20190723,H1_T1,EH,NA,NA,EH,NA,NA,1,A1,Mod.7.3,6.843333333,20.53,3,0.086997416,8.814108878
20190723,H1_T7,EH,NA,NA,EH,NA,NA,1,C1,Mod.7.3,6.318333333,18.955,3,0.062730749,6.952566286
20190723,H1_T1,EH,NA,NA,EH,NA,NA,1,B2,Mod.7.3,7.102,21.306,3,0.135164083,4.334799993
20190723,H1_T7,EH,NA,NA,EH,NA,NA,1,D2,Mod.7.3,6.314666667,18.944,3,0.104464083,10.61005554
20190723,H1_T1,EH,NA,NA,EH,NA,NA,1,B4,Mod.7.3,6.461666667,19.385,3,0.140664083,5.421797684
20190723,H1_T3,EH,NA,NA,EH,NA,NA,1,B5,Mod.7.3,7.126666667,21.38,3,0.079997416,5.766559572
20190723,H1_T3,EH,NA,NA,EH,NA,NA,1,C6,Mod.7.3,6.479,19.437,3,0.088997416,4.067375567
20190723,H1_T1,EH,NA,NA,EH,NA,NA,1,A3,Mod.7.3,6.004333333,18.013,3,0.103730749,3.56762564
20190723,H1_T3,EH,NA,NA,EH,NA,NA,1,A6,Mod.7.3,6.479333333,19.438,3,0.070264083,7.232116606
20190723,H1_T7,EH,NA,NA,EH,NA,NA,1,D1,Mod.7.3,6.321333333,18.964,3,0.095397416,11.394077
20190723,H1_T3,EH,NA,NA,EH,NA,NA,1,D6,Mod.7.3,6.793333333,20.38,3,0.095230749,8.446317721
20190723,H1_T7,EH,NA,NA,EH,NA,NA,1,C2,Mod.7.3,6.639,19.917,3,0.103064083,9.746030613
20190723,H1_T3,EH,NA,NA,EH,NA,NA,1,D5,Mod.7.3,7.207666667,21.623,3,0.099597416,8.218718499
20190723,H1_T5,EH,NA,NA,EH,NA,NA,1,D3,Mod.7.3,7.014666667,21.044,3,0.108897416,4.561510556
20190723,H1_T5,EH,NA,NA,EH,NA,NA,1,C3,Mod.7.3,6.215666667,18.647,3,0.067397416,1.470955833
20190723,H1_T5,EH,NA,NA,EH,NA,NA,1,D4,Mod.7.3,7.450666667,22.352,3,0.121497416,8.342676881
20190723,H1_T5,EH,NA,NA,EH,NA,NA,1,C4,Mod.7.3,7.344333333,22.033,3,0.138764083,10.43341083
20190723,H1_T5,EH,NA,NA,EH,NA,NA,1,C5,Mod.7.3,6.636,19.908,3,0.073297416,4.618830052
20190725,26,AHA,T0,0_1,AHAA,T0,0_1,1,B2,Amb.7.8,7.438666667,22.316,3,0.136030749,8.364980545
20190725,35,EHA,T0,0_2,EHAM,T2,1_1,2,A4,Amb.7.8,6.900333333,20.701,3,0.147430749,8.80506835
20190725,27,EHA,T0,0_1,EHAA,T0,0_1,1,B4,Amb.7.8,7.616,22.848,3,0.146330749,2.620923202
20190725,34,AHA,T0,0_2,AHAM,T2,2_2,2,A2,Amb.7.8,7.665666667,22.997,3,0.109830749,6.567134112
20190725,29,EHA,T0,0_1,EHAA,T0,0_1,1,B6,Amb.7.8,7.790666667,23.372,3,0.193130749,15.19801703
20190725,31,EHA,T0,0_2,EHAM,T2,2_1,2,B4,Amb.7.8,6.926,20.778,3,0.163297416,12.54869475
20190725,36,AHA,T0,0_2,AHAA,T0,0_2,2,D5,Amb.7.8,8.083,24.249,3,0.166664083,10.46522044
20190725,30,AHA,T0,0_1,AHAM,T2,1_1,1,A5,Amb.7.8,6.839333333,20.518,3,0.129730749,2.769128542
20190725,28,EHA,T0,0_1,EHAM,T2,2_2,1,A4,Amb.7.8,7.394333333,22.183,3,0.127630749,11.9597476
20190725,32,EHA,T0,0_2,EHAA,T0,0_2,2,C3,Amb.7.8,7.267666667,21.803,3,0.106764083,6.379487951
20190725,33,AHA,T0,0_2,AHAA,T0,0_2,2,C5,Amb.7.8,6.869,20.607,3,0.124730749,12.72500238
20190725,25,AHA,T0,0_1,AHAM,T2,2_1,1,D5,Amb.7.8,7.414,22.242,3,0.124330749,8.77036076
20190725,7,EHM,T2,2_2,EHMA,T0,1_2,2,C6,Mod.7.3,7.722333333,23.167,3,0.133397416,11.94958198
20190725,4,AHM,T2,2_1,AHMA,T0,1_2,1,D3,Mod.7.3,7.254333333,21.763,3,0.115130749,6.642169809
20190725,10,AHM,T2,2_2,AHMM,T2,2_2,2,B5,Mod.7.3,7.009666667,21.029,3,0.096530749,4.517302985
20190725,2,EHM,T2,2_1,EHMA,T0,0_1,1,B3,Mod.7.3,7.120333333,21.361,3,0.134897416,9.576286974
20190725,9,EHM,T2,2_2,EHMA,T0,0_2,2,D4,Mod.7.3,7.894,23.682,3,0.173664083,18.26423173
20190725,4,AHM,T2,2_1,AHMA,T0,1_2,1,B5,Mod.7.3,6.895,20.685,3,0.148930749,4.009572894
20190725,12,AHM,T2,2_2,AHMM,T2,2_2,2,B1,Mod.7.3,7.167,21.501,3,0.095197416,7.105746028
20190725,11,AHM,T2,2_2,AHMA,T0,0_1,2,A3,Mod.7.3,7.100666667,21.302,3,0.088564083,6.321307869
20190725,3,EHM,T2,2_1,EHMM,T2,2_1,1,C2,Mod.7.3,7.749,23.247,3,0.207830749,7.933225428
20190725,6,AHM,T2,2_1,AHMA,T0,0_2,1,A2,Mod.7.3,8.544333333,25.633,3,0.206630749,8.024760296
20190725,8,EHM,T2,2_2,EHMM,T2,2_2,2,B3,Mod.7.3,7.296666667,21.89,3,0.198964083,12.21550819
20190725,1,EHM,T2,2_1,EHMM,T2,2_1,1,D1,Mod.7.3,7.395333333,22.186,3,0.129830749,7.880153443
20190725,14,AHS,T1,1_1,AHSM,T2,1_1,1,D2,Sev.7.0,7.054,21.162,3,0.124830749,5.636513551
20190725,17,EHS,T1,1_1,EHSM,T2,1_1,1,A1,Sev.7.0,8.525,25.575,3,0.200164083,5.929292493
20190725,13,EHS,T1,1_1,EHSA,T0,1_2,1,B1,Sev.7.0,7.35,22.05,3,0.117030749,4.046981713
20190725,24,AHS,T1,1_2,AHSA,T0,1_2,2,C4,Sev.7.0,6.651666667,19.955,3,0.100030749,2.852745874
20190725,19,AHS,T1,1_2,AHSM,T2,2_1,2,C2,Sev.7.0,7.110333333,21.331,3,0.113964083,7.521496283
20190725,15,AHS,T1,1_1,AHSA,T0,0_1,1,A3,Sev.7.0,6.762333333,20.287,3,0.101364083,5.848152988
20190725,21,AHS,T1,1_2,AHSA,T0,1_2,2,C1,Sev.7.0,7.639666667,22.919,3,0.143264083,6.349936393
20190725,23,EHS,T1,1_2,EHSA,T0,1_2,2,D6,Sev.7.0,8.209333333,24.628,3,0.183397416,6.902406042
20190725,20,EHS,T1,1_2,EHSM,T2,2_1,2,B2,Sev.7.0,6.740333333,20.221,3,0.121997416,7.977677387
20190725,18,EHS,T1,1_1,EHSA,T0,0_2,1,A6,Sev.7.0,7.066666667,21.2,3,0.144397416,9.272086663
20190725,22,EHS,T1,1_2,EHSM,T2,2_2,2,A5,Sev.7.0,7.178333333,21.535,3,0.147364083,2.826373438
20190725,16,AHS,T1,1_1,AHSM,T2,1_1,1,C4,Sev.7.0,7.316,21.948,3,0.083430749,10.19552087
20190728,35,EHA,T0,0_2,EHAM,T2,1_1,2,B2,Amb.7.8,7.155666667,21.467,3,0.113730749,5.779487283
20190728,32,EHA,T0,0_2,EHAA,T0,0_2,2,C3,Amb.7.8,7.546333333,22.639,3,0.160030749,2.799379131
20190728,26,AHA,T0,0_1,AHAA,T0,0_1,1,C2,Amb.7.8,7.167333333,21.502,3,0.124130749,7.407401296
20190728,31,EHA,T0,0_2,EHAM,T2,2_1,2,D6,Amb.7.8,8.027666667,24.083,3,0.165564083,9.920111554
20190728,29,EHA,T0,0_1,EHAA,T0,0_1,1,D3,Amb.7.8,7.382,22.146,3,0.174297416,7.990386607
20190728,33,AHA,T0,0_2,AHAA,T0,0_2,2,A5,Amb.7.8,7.214333333,21.643,3,0.107330749,7.371051639
20190728,34,AHA,T0,0_2,AHAM,T2,2_2,2,D2,Amb.7.8,7.551666667,22.655,3,0.135030749,8.103874369
20190728,30,AHA,T0,0_1,AHAM,T2,1_1,1,D4,Amb.7.8,7.023333333,21.07,3,0.099630749,4.344045403
20190728,25,AHA,T0,0_1,AHAM,T2,2_1,1,D6,Amb.7.8,7.214666667,21.644,3,0.152864083,9.194254979
20190728,36,AHA,T0,0_2,AHAA,T0,0_2,2,B4,Amb.7.8,7.829333333,23.488,3,0.162497416,6.559244248
20190728,27,EHA,T0,0_1,EHAA,T0,0_1,1,A5,Amb.7.8,8.165333333,24.496,3,0.178064083,-0.013098181
20190728,28,EHA,T0,0_1,EHAM,T2,2_2,1,C4,Amb.7.8,7.978666667,23.936,3,0.211230749,15.00484957
20190728,10,AHM,T2,2_2,AHMM,T2,2_2,2,B1,Mod.7.3,7.381,22.143,3,0.146030749,5.133617634
20190728,11,AHM,T2,2_2,AHMA,T0,0_1,2,D3,Mod.7.3,7.273666667,21.821,3,0.131864083,6.588295651
20190728,3,EHM,T2,2_1,EHMM,T2,2_1,1,A2,Mod.7.3,7.155666667,21.467,3,0.137930749,5.165837588
20190728,5,AHM,T2,2_1,AHMM,T2,2_1,1,B1,Mod.7.3,7.595666667,22.787,3,0.193897416,10.35424144
20190728,2,EHM,T2,2_1,EHMA,T0,0_1,1,C3,Mod.7.3,7.685,23.055,3,0.195230749,6.835495108
20190728,4,AHM,T2,2_1,AHMA,T0,1_2,1,B5,Mod.7.3,6.760333333,20.281,3,0.090164083,5.774586535
20190728,9,EHM,T2,2_2,EHMA,T0,0_2,2,A4,Mod.7.3,7.953,23.859,3,0.142097416,8.982821517
20190728,8,EHM,T2,2_2,EHMM,T2,2_2,2,A1,Mod.7.3,8.246,24.738,3,0.201430749,9.766522981
20190728,1,EHM,T2,2_1,EHMM,T2,2_1,1,D1,Mod.7.3,7.611666667,22.835,3,0.187897416,6.062966349
20190728,6,AHM,T2,2_1,AHMA,T0,0_2,1,A4,Mod.7.3,7.396666667,22.19,3,0.130030749,1.098684259
20190728,12,AHM,T2,2_2,AHMM,T2,2_2,2,B3,Mod.7.3,7.057333333,21.172,3,0.114697416,4.672229528
20190728,18,EHS,T1,1_1,EHSA,T0,0_2,1,C1,Sev.7.0,7.555,22.665,3,0.153297416,12.84322211
20190728,15,AHS,T1,1_1,AHSA,T0,0_1,1,A6,Sev.7.0,7.773,23.319,3,0.156730749,7.236967004
20190728,22,EHS,T1,1_2,EHSM,T2,2_2,2,C2,Sev.7.0,7.527333333,22.582,3,0.148897416,6.407500958
20190728,16,AHS,T1,1_1,AHSM,T2,1_1,1,B6,Sev.7.0,7.151,21.453,3,0.151630749,5.124470082
20190728,20,EHS,T1,1_2,EHSM,T2,2_1,2,B5,Sev.7.0,7.196,21.588,3,0.154664083,6.229159675
20190728,13,EHS,T1,1_1,EHSA,T0,1_2,1,D2,Sev.7.0,7.177333333,21.532,3,0.124430749,8.485008758
20190728,21,AHS,T1,1_2,AHSA,T0,1_2,2,A3,Sev.7.0,7.79,23.37,3,0.132630749,6.901690488
20190728,17,EHS,T1,1_1,EHSM,T2,1_1,1,B3,Sev.7.0,7.918,23.754,3,0.189764083,8.470640415
20190728,24,AHS,T1,1_2,AHSA,T0,1_2,2,A2,Sev.7.0,7.826333333,23.479,3,0.179464083,8.028160468
20190728,23,EHS,T1,1_2,EHSA,T0,1_2,2,D5,Sev.7.0,6.809666667,20.429,3,0.138597416,5.222039764
20190728,19,AHS,T1,1_2,AHSM,T2,2_1,2,D1,Sev.7.0,8.068333333,24.205,3,0.186797416,7.6035149
20190728,14,AHS,T1,1_1,AHSM,T2,1_1,1,A1,Sev.7.0,7.279333333,21.838,3,0.095097416,6.918707834
20190731,31,EHA,T0,0_2,EHAM,T2,2_1,2,A2,Amb.7.8,7.097333333,21.292,3,0.118497416,6.462389205
20190731,33,AHA,T0,0_2,AHAA,T0,0_2,2,D2,Amb.7.8,6.411666667,19.235,3,0.071030749,9.811050237
20190731,29,EHA,T0,0_1,EHAA,T0,0_1,1,D2,Amb.7.8,6.811333333,20.434,3,0.108330749,6.590799748
20190731,28,EHA,T0,0_1,EHAM,T2,2_2,1,B4,Amb.7.8,7.083333333,21.25,3,0.125830749,7.493582195
20190731,34,AHA,T0,0_2,AHAM,T2,2_2,2,D4,Amb.7.8,6.970666667,20.912,3,0.058364083,5.685158216
20190731,30,AHA,T0,0_1,AHAM,T2,1_1,1,C5,Amb.7.8,7.159333333,21.478,3,0.094630749,5.165531537
20190731,35,EHA,T0,0_2,EHAM,T2,1_1,2,C1,Amb.7.8,7.062333333,21.187,3,0.128897416,8.332004319
20190731,25,AHA,T0,0_1,AHAM,T2,2_1,1,D1,Amb.7.8,7.471333333,22.414,3,0.123664083,7.352224968
20190731,27,EHA,T0,0_1,EHAA,T0,0_1,1,C3,Amb.7.8,8.187,24.561,3,0.177197416,11.15314967
20190731,36,AHA,T0,0_2,AHAA,T0,0_2,2,D6,Amb.7.8,6.824666667,20.474,3,0.064897416,8.44169107
20190731,26,AHA,T0,0_1,AHAA,T0,0_1,1,A5,Amb.7.8,6.904666667,20.714,3,0.091930749,11.16530068
20190731,9,EHM,T2,2_2,EHMA,T0,0_2,2,D1,Mod.7.3,7.027333333,21.082,3,0.074964083,6.218226789
20190731,7,EHM,T2,2_2,EHMA,T0,1_2,2,B1,Mod.7.3,7.068333333,21.205,3,0.091997416,10.69911359
20190731,1,EHM,T2,2_1,EHMM,T2,2_1,1,B3,Mod.7.3,7.139333333,21.418,3,0.088864083,5.056910063
20190731,10,AHM,T2,2_2,AHMM,T2,2_2,2,A3,Mod.7.3,6.881,20.643,3,0.097330749,6.506364862
20190731,5,AHM,T2,2_1,AHMM,T2,2_1,1,B5,Mod.7.3,6.521333333,19.564,3,0.099364083,4.955445716
20190731,2,EHM,T2,2_1,EHMA,T0,0_1,1,D3,Mod.7.3,7.252333333,21.757,3,0.082197416,9.87590218
20190731,12,AHM,T2,2_2,AHMM,T2,2_2,2,C3,Mod.7.3,8.181666667,24.545,3,0.157464083,8.579728425
20190731,8,EHM,T2,2_2,EHMM,T2,2_2,2,B6,Mod.7.3,7.604,22.812,3,0.177930749,10.78784921
20190731,6,AHM,T2,2_1,AHMA,T0,0_2,1,C1,Mod.7.3,7.474,22.422,3,0.114330749,8.509899696
20190731,3,EHM,T2,2_1,EHMM,T2,2_1,1,D6,Mod.7.3,7.374666667,22.124,3,0.131864083,10.18371947
20190731,4,AHM,T2,2_1,AHMA,T0,1_2,1,A1,Mod.7.3,6.728,20.184,3,0.112964083,7.034728593
20190731,11,AHM,T2,2_2,AHMA,T0,0_1,2,C4,Mod.7.3,7.292,21.876,3,0.113464083,8.881020901
20190731,24,AHS,T1,1_2,AHSA,T0,1_2,2,B5,Sev.7.0,6.981666667,20.945,3,0.121297416,7.941826227
20190731,18,EHS,T1,1_1,EHSA,T0,0_2,1,C4,Sev.7.0,6.799666667,20.399,3,0.104430749,6.251068492
20190731,22,EHS,T1,1_2,EHSM,T2,2_2,2,D3,Sev.7.0,7.030666667,21.092,3,0.089297416,5.942723713
20190731,19,AHS,T1,1_2,AHSM,T2,2_1,2,A6,Sev.7.0,7.077,21.231,3,0.128164083,9.654189458
20190731,13,EHS,T1,1_1,EHSA,T0,1_2,1,D4,Sev.7.0,7.393333333,22.18,3,0.116130749,4.93797658
20190731,32,EHA,T0,0_2,EHAA,T0,0_2,2,C5,Sev.7.0,7.191333333,21.574,3,0.114830749,6.981250952
20190731,20,EHS,T1,1_2,EHSM,T2,2_1,2,B2,Sev.7.0,7.707333333,23.122,3,0.157230749,11.99022929
20190731,15,AHS,T1,1_1,AHSA,T0,0_1,1,B1,Sev.7.0,7.187,21.561,3,0.099097416,9.546706574
20190731,23,EHS,T1,1_2,EHSA,T0,1_2,2,C2,Sev.7.0,7.419,22.257,3,0.184397416,7.102278516
20190731,16,AHS,T1,1_1,AHSM,T2,1_1,1,A4,Sev.7.0,7.294333333,21.883,3,0.099964083,6.200369068
20190731,14,AHS,T1,1_1,AHSM,T2,1_1,1,A3,Sev.7.0,6.664333333,19.993,3,0.087130749,5.968952956
20190731,17,EHS,T1,1_1,EHSM,T2,1_1,1,C6,Sev.7.0,7.636333333,22.909,3,0.196497416,8.841942068
20190731,21,AHS,T1,1_2,AHSA,T0,1_2,2,D5,Sev.7.0,7.754,23.262,3,0.170564083,12.2102925
20190801,28,EHA,T0,0_1,EHAM,T2,2_2,1,D6,Amb.7.8,6.917666667,20.753,3,0.095664083,7.577809327
20190801,25,AHA,T0,0_1,AHAM,T2,2_1,1,A6,Amb.7.8,6.971666667,20.915,3,0.074597416,7.787176507
20190801,27,EHA,T0,0_1,EHAA,T0,0_1,1,C6,Amb.7.8,7.485333333,22.456,3,0.136964083,9.400156481
20190801,31,EHA,T0,0_2,EHAM,T2,2_1,2,D6,Amb.7.8,7.308,21.924,3,0.093264083,12.29321566
20190801,31,EHA,T0,0_2,EHAM,T2,2_1,2,A3,Amb.7.8,8.098,24.294,3,0.202764083,8.934621173
20190801,34,AHA,T0,0_2,AHAM,T2,2_2,2,B5,Amb.7.8,6.943666667,20.831,3,0.093964083,9.648691643
20190801,26,AHA,T0,0_1,AHAA,T0,0_1,1,C5,Amb.7.8,6.928333333,20.785,3,0.059397416,8.070687052
20190801,30,AHA,T0,0_1,AHAM,T2,1_1,1,D2,Amb.7.8,7.14,21.42,3,0.058797416,7.184199472
20190801,29,EHA,T0,0_1,EHAA,T0,0_1,1,A4,Amb.7.8,7.537333333,22.612,3,0.160597416,5.456347821
20190801,33,AHA,T0,0_2,AHAA,T0,0_2,2,B1,Amb.7.8,7.584666667,22.754,3,0.091397416,9.385911407
20190801,36,AHA,T0,0_2,AHAA,T0,0_2,2,D3,Amb.7.8,7.395,22.185,3,0.119130749,13.08349259
20190801,35,EHA,T0,0_2,EHAM,T2,1_1,2,C3,Amb.7.8,7.293,21.879,3,0.190564083,10.75583056
20190801,1,EHM,T2,2_1,EHMM,T2,2_1,1,C1,Mod.7.3,7.130666667,21.392,3,0.113597416,9.999955452
20190801,6,AHM,T2,2_1,AHMA,T0,0_2,1,D1,Mod.7.3,6.741333333,20.224,3,0.081930749,9.184657746
20190801,5,AHM,T2,2_1,AHMM,T2,2_1,1,A1,Mod.7.3,7.534,22.602,3,0.116397416,7.390731479
20190801,9,EHM,T2,2_2,EHMA,T0,0_2,2,C5,Mod.7.3,7.888666667,23.666,3,0.157230749,10.75632118
20190801,7,EHM,T2,2_2,EHMA,T0,1_2,2,A1,Mod.7.3,6.917666667,20.753,3,0.119997416,10.50689016
20190801,4,AHM,T2,2_1,AHMA,T0,1_2,1,D4,Mod.7.3,6.972333333,20.917,3,0.052464083,11.63125506
20190801,2,EHM,T2,2_1,EHMA,T0,0_1,1,A3,Mod.7.3,7.088333333,21.265,3,0.135964083,7.676014662
20190801,10,AHM,T2,2_2,AHMM,T2,2_2,2,A4,Mod.7.3,6.885333333,20.656,3,0.118230749,6.549320985
20190801,8,EHM,T2,2_2,EHMM,T2,2_2,2,B3,Mod.7.3,7.61,22.83,3,0.170830749,9.358581764
20190801,11,AHM,T2,2_2,AHMA,T0,0_1,2,C2,Mod.7.3,6.519,19.557,3,0.075230749,7.99249568
20190801,12,AHM,T2,2_2,AHMM,T2,2_2,2,C4,Mod.7.3,6.510333333,19.531,3,0.099064083,7.314309827
20190801,23,EHS,T1,1_2,EHSA,T0,1_2,2,D4,Sev.7.0,6.545,19.635,3,0.117064083,8.313351374
20190801,14,AHS,T1,1_1,AHSM,T2,1_1,1,B6,Sev.7.0,6.699666667,20.099,3,0.066064083,6.537831654
20190801,22,EHS,T1,1_2,EHSM,T2,2_2,2,C1,Sev.7.0,6.834666667,20.504,3,0.121897416,9.110125813
20190801,13,EHS,T1,1_1,EHSA,T0,1_2,1,A2,Sev.7.0,7.829666667,23.489,3,0.128097416,5.467396592
20190801,18,EHS,T1,1_1,EHSA,T0,0_2,1,A5,Sev.7.0,7.531333333,22.594,3,0.161730749,7.452077082
20190801,24,AHS,T1,1_2,AHSA,T0,1_2,2,B6,Sev.7.0,6.913333333,20.74,3,0.083797416,7.467234678
20190801,16,AHS,T1,1_1,AHSM,T2,1_1,1,C3,Sev.7.0,7.089,21.267,3,0.091930749,7.96753874
20190801,20,EHS,T1,1_2,EHSM,T2,2_1,2,B4,Sev.7.0,7.485666667,22.457,3,0.155197416,8.930092268
20190801,21,AHS,T1,1_2,AHSA,T0,1_2,2,A6,Sev.7.0,7.329666667,21.989,3,0.095664083,9.494090339
20190801,19,AHS,T1,1_2,AHSM,T2,2_1,2,D2,Sev.7.0,7.490666667,22.472,3,0.126697416,10.02044272
20190801,17,EHS,T1,1_1,EHSM,T2,1_1,1,C4,Sev.7.0,6.910333333,20.731,3,0.107830749,4.062850474
20190804,35,EHA,T0,0_2,EHAM,T2,1_1,2,B5,Amb.7.8,7.693666667,23.081,3,0.154730749,13.29421707
20190804,32,EHA,T0,0_2,EHAA,T0,0_2,2,B3,Amb.7.8,7.688666667,23.066,3,0.115164083,5.365986617
20190804,36,AHA,T0,0_2,AHAA,T0,0_2,2,D3,Amb.7.8,7.94,23.82,3,0.100330749,12.01886419
20190804,30,AHA,T0,0_1,AHAM,T2,1_1,1,B5,Amb.7.8,8.432,25.296,3,0.115064083,5.911011806
20190804,26,AHA,T0,0_1,AHAA,T0,0_1,1,D6,Amb.7.8,7.671333333,23.014,3,0.139497416,6.264329863
20190804,33,AHA,T0,0_2,AHAA,T0,0_2,2,D6,Amb.7.8,7.295,21.885,3,0.171930749,7.207599964
20190804,34,AHA,T0,0_2,AHAM,T2,2_2,2,C3,Amb.7.8,7.751333333,23.254,3,0.139964083,12.94366873
20190804,27,EHA,T0,0_1,EHAA,T0,0_1,1,B2,Amb.7.8,7.302666667,21.908,3,0.129630749,2.624596222
20190804,31,EHA,T0,0_2,EHAM,T2,2_1,2,A4,Amb.7.8,7.355,22.065,3,0.137530749,9.133001712
20190804,29,EHA,T0,0_1,EHAA,T0,0_1,1,D4,Amb.7.8,8.914,26.742,3,0.192430749,9.882843007
20190804,28,EHA,T0,0_1,EHAM,T2,2_2,1,C1,Amb.7.8,7.121,21.363,3,0.143530749,8.009674777
20190804,25,AHA,T0,0_1,AHAM,T2,2_1,1,A4,Amb.7.8,6.886333333,20.659,3,0.092664083,7.057407834
20190804,6,AHM,T2,2_1,AHMA,T0,0_2,1,A6,Mod.7.3,7.622,22.866,3,0.110197416,2.970138442
20190804,9,EHM,T2,2_2,EHMA,T0,0_2,2,B1,Mod.7.3,7.737666667,23.213,3,0.139864083,6.507463559
20190804,1,EHM,T2,2_1,EHMM,T2,2_1,1,B1,Mod.7.3,7.572,22.716,3,0.155064083,7.634678531
20190804,3,EHM,T2,2_1,EHMM,T2,2_1,1,A3,Mod.7.3,7.613666667,22.841,3,0.163064083,5.81730432
20190804,12,AHM,T2,2_2,AHMM,T2,2_2,2,D5,Mod.7.3,7.443666667,22.331,3,0.097930749,7.16489564
20190804,4,AHM,T2,2_1,AHMA,T0,1_2,1,D3,Mod.7.3,7.517666667,22.553,3,0.093264083,8.582876262
20190804,11,AHM,T2,2_2,AHMA,T0,0_1,2,A5,Mod.7.3,7.434666667,22.304,3,0.088364083,6.275041255
20190804,2,EHM,T2,2_1,EHMA,T0,0_1,1,B4,Mod.7.3,8.02,24.06,3,0.126464083,6.265734021
20190804,7,EHM,T2,2_2,EHMA,T0,1_2,2,A1,Mod.7.3,7.751,23.253,3,0.144297416,5.234233358
20190804,8,EHM,T2,2_2,EHMM,T2,2_2,2,B4,Mod.7.3,7.236666667,21.71,3,0.140130749,6.452990673
20190804,5,AHM,T2,2_1,AHMM,T2,2_1,1,B6,Mod.7.3,7.255,21.765,3,0.078164083,7.461041099
20190804,23,EHS,T1,1_2,EHSA,T0,1_2,2,C4,Sev.7.0,7.573666667,22.721,3,0.084997416,8.213435783
20190804,19,AHS,T1,1_2,AHSM,T2,2_1,2,D1,Sev.7.0,8.071333333,24.214,3,0.140164083,12.03619669
20190804,15,AHS,T1,1_1,AHSA,T0,0_1,1,D5,Sev.7.0,7.299333333,21.898,3,0.125597416,8.61412761
20190804,18,EHS,T1,1_1,EHSA,T0,0_2,1,A5,Sev.7.0,6.988,20.964,3,0.128930749,5.45512
20190804,17,EHS,T1,1_1,EHSM,T2,1_1,1,C2,Sev.7.0,7.607333333,22.822,3,0.137264083,5.603634423
20190804,21,AHS,T1,1_2,AHSA,T0,1_2,2,C6,Sev.7.0,7.269333333,21.808,3,0.094664083,7.37628541
20190804,22,EHS,T1,1_2,EHSM,T2,2_2,2,A6,Sev.7.0,6.968666667,20.906,3,0.097297416,9.706484844
20190804,16,AHS,T1,1_1,AHSM,T2,1_1,1,D2,Sev.7.0,6.88,20.64,3,0.084364083,5.95592384
20190804,13,EHS,T1,1_1,EHSA,T0,1_2,1,C5,Sev.7.0,7.673,23.019,3,0.144130749,8.509150991
20190804,14,AHS,T1,1_1,AHSM,T2,1_1,1,A1,Sev.7.0,7.295333333,21.886,3,0.119530749,10.2367664
20190804,24,AHS,T1,1_2,AHSA,T0,1_2,2,B6,Sev.7.0,7.957666667,23.873,3,0.125830749,9.786715535
20190804,20,EHS,T1,1_2,EHSM,T2,2_1,2,A2,Sev.7.0,7.479333333,22.438,3,0.123997416,3.374558913
20190807,25,AHA,T0,0_1,AHAM,T2,2_1,1,D1,Amb.7.8,7.372666667,22.118,3,0.088697416,8.616125867
20190807,35,EHA,T0,0_2,EHAM,T2,1_1,2,D4,Amb.7.8,7.135666667,21.407,3,0.119630749,8.050697703
20190807,26,AHA,T0,0_1,AHAA,T0,0_1,1,B3,Amb.7.8,6.766,20.298,3,0.068697416,6.525844994
20190807,36,AHA,T0,0_2,AHAA,T0,0_2,2,B5,Amb.7.8,7.200333333,21.601,3,0.130864083,7.969097711
20190807,34,AHA,T0,0_2,AHAM,T2,2_2,2,B2,Amb.7.8,8.365666667,25.097,3,0.123897416,9.395834638
20190807,32,EHA,T0,0_2,EHAA,T0,0_2,2,C4,Amb.7.8,7.828333333,23.485,3,0.153964083,8.812332517
20190807,33,AHA,T0,0_2,AHAA,T0,0_2,2,D5,Amb.7.8,6.907666667,20.723,3,0.077830749,8.045856372
20190807,28,EHA,T0,0_1,EHAM,T2,2_2,1,B1,Amb.7.8,7.011666667,21.035,3,0.093730749,2.694516351
20190807,30,AHA,T0,0_1,AHAM,T2,1_1,1,C2,Amb.7.8,7.179666667,21.539,3,0.093830749,8.522512252
20190807,31,EHA,T0,0_2,EHAM,T2,2_1,2,D2,Amb.7.8,8.011333333,24.034,3,0.178164083,11.05642295
20190807,29,EHA,T0,0_1,EHAA,T0,0_1,1,D3,Amb.7.8,7.831666667,23.495,3,0.140630749,5.629941086
20190807,27,EHA,T0,0_1,EHAA,T0,0_1,1,D5,Amb.7.8,7.307333333,21.922,3,0.136964083,8.182342772
20190807,1,EHM,T2,2_1,EHMM,T2,2_1,1,A1,Mod.7.3,7.448,22.344,3,0.119997416,7.782362785
20190807,12,AHM,T2,2_2,AHMM,T2,2_2,2,B1,Mod.7.3,7.588,22.764,3,0.123730749,7.357598136
20190807,3,EHM,T2,2_1,EHMM,T2,2_1,1,A5,Mod.7.3,7.414,22.242,3,0.138897416,8.04802253
20190807,7,EHM,T2,2_2,EHMA,T0,1_2,2,A2,Mod.7.3,7.95,23.85,3,0.110597416,12.4686132
20190807,11,AHM,T2,2_2,AHMA,T0,0_1,2,D1,Mod.7.3,8.394666667,25.184,3,0.154997416,6.298841092
20190807,10,AHM,T2,2_2,AHMM,T2,2_2,2,C3,Mod.7.3,7.77,23.31,3,0.092097416,6.492854058
20190807,6,AHM,T2,2_1,AHMA,T0,0_2,1,B4,Mod.7.3,6.462333333,19.387,3,0.050297416,4.17800192
20190807,8,EHM,T2,2_2,EHMM,T2,2_2,2,C5,Mod.7.3,6.867333333,20.602,3,0.089697416,5.459600497
20190807,4,AHM,T2,2_1,AHMA,T0,1_2,1,C1,Mod.7.3,8.372666667,25.118,3,0.159497416,6.464856338
20190807,9,EHM,T2,2_2,EHMA,T0,0_2,2,A5,Mod.7.3,8.097333333,24.292,3,0.121797416,6.353102123
20190807,2,EHM,T2,2_1,EHMA,T0,0_1,1,C3,Mod.7.3,7.709333333,23.128,3,0.162664083,7.767006843
20190807,5,AHM,T2,2_1,AHMM,T2,2_1,1,D6,Mod.7.3,7.664,22.992,3,0.090897416,9.402670885
20190807,24,AHS,T1,1_2,AHSA,T0,1_2,2,A3,Sev.7.0,6.865666667,20.597,3,0.089530749,4.58216683
20190807,23,EHS,T1,1_2,EHSA,T0,1_2,2,C1,Sev.7.0,7.284,21.852,3,0.130230749,9.823687668
20190807,18,EHS,T1,1_1,EHSA,T0,0_2,1,C6,Sev.7.0,8.244333333,24.733,3,0.214397416,4.306256053
20190807,15,AHS,T1,1_1,AHSA,T0,0_1,1,C5,Sev.7.0,7.200333333,21.601,3,0.129364083,7.318334968
20190807,16,AHS,T1,1_1,AHSM,T2,1_1,1,A6,Sev.7.0,6.520333333,19.561,3,0.056564083,1.777298441
20190807,13,EHS,T1,1_1,EHSA,T0,1_2,1,D2,Sev.7.0,7.488,22.464,3,0.158297416,5.821315697
20190807,19,AHS,T1,1_2,AHSM,T2,2_1,2,A1,Sev.7.0,7.908333333,23.725,3,0.116530749,7.765809104
20190807,14,AHS,T1,1_1,AHSM,T2,1_1,1,B2,Sev.7.0,7.673,23.019,3,0.084230749,6.11671812
20190807,17,EHS,T1,1_1,EHSM,T2,1_1,1,D4,Sev.7.0,7.504333333,22.513,3,0.161664083,8.548511648
20190807,20,EHS,T1,1_2,EHSM,T2,2_1,2,D3,Sev.7.0,7.502,22.506,3,0.144430749,4.269331821
20190807,22,EHS,T1,1_2,EHSM,T2,2_2,2,B6,Sev.7.0,7.469666667,22.409,3,0.119230749,9.089807588
20190807,21,AHS,T1,1_2,AHSA,T0,1_2,2,B4,Sev.7.0,7.656,22.968,3,0.136530749,7.001480605
20190808,18,EHS,T1,1_1,EHSA,T0,0_2,2,B6,Amb.7.8,6.545333333,19.636,3,0.079930749,5.529770726
20190808,48,NA,NA,NA,AHMA,T0,0_2,1,B2,Amb.7.8,7.428666667,22.286,3,0.150197416,9.227069304
20190808,36,AHA,T0,0_2,AHAA,T0,0_2,2,B2,Amb.7.8,7.298,21.894,3,0.110397416,9.20227416
20190808,29,EHA,T0,0_1,EHAA,T0,0_1,4,B2,Amb.7.8,7.096666667,21.29,3,0.134030749,7.54696622
20190808,66,NA,NA,NA,AHAA,T0,0_1,3,A4,Amb.7.8,7.276666667,21.83,3,0.121764083,6.682626553
20190808,9,EHM,T2,2_2,EHMA,T0,0_2,2,B5,Amb.7.8,6.847333333,20.542,3,0.102297416,5.880747667
20190808,52,NA,NA,NA,AHSA,T0,0_2,1,C2,Amb.7.8,6.753,20.259,3,0.085864083,6.661636635
20190808,61,NA,NA,NA,AHAA,T0,0_1,3,B6,Amb.7.8,7.002333333,21.007,3,0.054397416,8.098778086
20190808,21,AHS,T1,1_2,AHSA,T0,1_2,3,C2,Amb.7.8,7.424666667,22.274,3,0.123764083,7.504507918
20190808,70,NA,NA,NA,AHAA,T0,0_2,3,D1,Amb.7.8,7.180666667,21.542,3,0.130830749,8.212290633
20190808,2,EHM,T2,2_1,EHMA,T0,0_1,4,A4,Amb.7.8,7.522666667,22.568,3,0.168930749,7.097914788
20190808,71,NA,NA,NA,EHAA,T0,0_2,4,B5,Amb.7.8,7.734333333,23.203,3,0.195564083,11.16354766
20190808,33,AHA,T0,0_2,AHAA,T0,0_2,2,D3,Amb.7.8,7.268333333,21.805,3,0.075564083,9.975728671
20190808,55,NA,NA,NA,AHSA,T0,1_2,2,D6,Amb.7.8,7.013333333,21.04,3,0.074264083,4.90709157
20190808,11,AHM,T2,2_2,AHMA,T0,0_1,1,A2,Amb.7.8,6.79,20.37,3,0.085664083,8.067715428
20190808,67,NA,NA,NA,EHAA,T0,0_2,1,C5,Amb.7.8,8.204666667,24.614,3,0.221664083,10.68273257
20190808,27,EHA,T0,0_1,EHAA,T0,0_1,2,A6,Amb.7.8,7.837666667,23.513,3,0.145630749,5.866114642
20190808,46,NA,NA,NA,AHMA,T0,1_2,2,A4,Amb.7.8,7.895,23.685,3,0.123830749,12.0429027
20190808,6,AHM,T2,2_1,AHMA,T0,0_2,4,C1,Amb.7.8,6.966333333,20.899,3,0.077697416,11.50307787
20190808,24,AHS,T1,1_2,AHSA,T0,1_2,1,B1,Amb.7.8,6.538333333,19.615,3,0.096164083,5.829544211
20190808,64,NA,NA,NA,EHAA,T0,0_1,4,B6,Amb.7.8,7.668666667,23.006,3,0.163030749,4.853129893
20190808,53,NA,NA,NA,EHSA,T0,0_1,1,C6,Amb.7.8,6.659666667,19.979,3,0.099630749,4.610605758
20190808,32,EHA,T0,0_2,EHAA,T0,0_2,3,D6,Amb.7.8,7.415333333,22.246,3,0.128297416,8.316943296
20190808,44,NA,NA,NA,EHMA,T0,0_1,1,D5,Amb.7.8,7.188333333,21.565,3,0.149630749,5.028671098
20190808,23,EHS,T1,1_2,EHSA,T0,1_2,4,D2,Amb.7.8,7.279333333,21.838,3,0.121897416,6.277974963
20190808,26,AHA,T0,0_1,AHAA,T0,0_1,3,B3,Amb.7.8,7.255,21.765,3,0.103730749,3.564941432
20190808,13,EHS,T1,1_1,EHSA,T0,1_2,1,A5,Amb.7.8,6.364333333,19.093,3,0.123730749,4.261029214
20190808,4,AHM,T2,2_1,AHMA,T0,1_2,3,A6,Amb.7.8,7.113333333,21.34,3,0.096830749,4.940369805
20190808,15,AHS,T1,1_1,AHSA,T0,0_1,2,C2,Amb.7.8,6.159666667,18.479,3,0.069630749,5.011946158
20190808,41,NA,NA,NA,AHMA,T0,0_1,2,D5,Amb.7.8,6.726333333,20.179,3,0.098830749,6.582729972
20190808,50,NA,NA,NA,AHSA,T0,1_2,2,B1,Amb.7.8,7.546333333,22.639,3,0.103964083,5.597176021
20190808,39,NA,NA,NA,EHMA,T0,0_2,3,B5,Amb.7.8,7.141,21.423,3,0.130564083,6.260569856
20190808,7,EHM,T2,2_2,EHMA,T0,1_2,1,A3,Amb.7.8,7.82,23.46,3,0.115230749,7.807836902
20190808,37,NA,NA,NA,EHMA,T0,1_2,1,D3,Amb.7.8,7.228333333,21.685,3,0.151064083,8.56774579
20190808,31,EHA,T0,0_2,EHAM,T2,2_1,3,B1,Mod.7.3,7.595333333,22.786,3,0.113764083,5.709413624
20190808,30,AHA,T0,0_1,AHAM,T2,1_1,3,D4,Mod.7.3,6.999333333,20.998,3,0.104897416,9.979940686
20190808,72,NA,NA,NA,AHAM,T2,1_1,1,A6,Mod.7.3,7.191333333,21.574,3,0.138330749,7.410400149
20190808,65,NA,NA,NA,EHAM,T2,1_1,2,B3,Mod.7.3,7.603333333,22.81,3,0.140130749,5.634304741
20190808,16,AHS,T1,1_1,AHSM,T2,1_1,3,C5,Mod.7.3,6.317666667,18.953,3,0.077197416,2.163257886
20190808,45,NA,NA,NA,EHMM,T2,2_2,2,D2,Mod.7.3,7.989666667,23.969,3,0.165264083,7.68821845
20190808,34,AHA,T0,0_2,AHAM,T2,2_2,3,C6,Mod.7.3,8.242666667,24.728,3,0.178697416,7.332047334
20190808,62,NA,NA,NA,AHAM,T2,2_2,1,D6,Mod.7.3,6.732,20.196,3,0.089130749,1.200412302
20190808,43,NA,NA,NA,EHMM,T2,2_2,4,A1,Mod.7.3,7.971,23.913,3,0.172197416,6.659695424
20190808,59,NA,NA,NA,EHSM,T2,1_1,2,A3,Mod.7.3,6.945,20.835,3,0.107397416,5.2829191
20190808,51,NA,NA,NA,AHSM,T2,1_1,4,A5,Mod.7.3,7.377666667,22.133,3,0.104364083,6.944726531
20190808,22,EHS,T1,1_2,EHSM,T2,2_2,2,C3,Mod.7.3,7.19,21.57,3,0.118097416,7.056987128
20190808,25,AHA,T0,0_1,AHAM,T2,2_1,2,C1,Mod.7.3,7.595333333,22.786,3,0.158030749,8.47904626
20190808,54,NA,NA,NA,EHSM,T2,1_1,4,A6,Mod.7.3,8.162,24.486,3,0.150964083,17.5811085
20190808,19,AHS,T1,1_2,AHSM,T2,2_1,1,B3,Mod.7.3,6.71,20.13,3,0.079430749,4.43468738
20190808,8,EHM,T2,2_2,EHMM,T2,2_2,3,C1,Mod.7.3,6.513666667,19.541,3,0.129130749,8.473803024
20190808,68,NA,NA,NA,EHAM,T2,2_2,2,B4,Mod.7.3,8.586333333,25.759,3,0.199130749,11.77576989
20190808,69,NA,NA,NA,AHAM,T2,2_1,4,B3,Mod.7.3,7.246,21.738,3,0.140197416,7.177143128
20190808,60,NA,NA,NA,AHSM,T2,1_1,1,D1,Mod.7.3,6.824333333,20.473,3,0.091730749,6.724815301
20190808,47,NA,NA,NA,AHMM,T2,2_2,4,B1,Mod.7.3,7.094333333,21.283,3,0.088030749,13.72103138
20190808,14,AHS,T1,1_1,AHSM,T2,1_1,3,D2,Mod.7.3,7.682666667,23.048,3,0.115097416,9.574784856
20190808,40,NA,NA,NA,AHMM,T2,2_1,1,A1,Mod.7.3,6.751333333,20.254,3,0.062397416,8.684535042
20190808,3,EHM,T2,2_1,EHMM,T2,2_1,1,C1,Mod.7.3,5.559,16.677,3,0.051864083,2.69882305
20190808,49,NA,NA,NA,EHSM,T2,1_1,2,C6,Mod.7.3,8.325,24.975,3,0.167030749,10.25618663
20190808,20,EHS,T1,1_2,EHSM,T2,2_1,2,A1,Mod.7.3,7.740333333,23.221,3,0.127697416,8.759926554
20190808,5,AHM,T2,2_1,AHMM,T2,2_1,3,C3,Mod.7.3,6.881333333,20.644,3,0.082730749,6.030284281
20190808,12,AHM,T2,2_2,AHMM,T2,2_2,2,A5,Mod.7.3,6.514,19.542,3,0.086864083,2.567314492
20190808,1,EHM,T2,2_1,EHMM,T2,2_1,2,D4,Mod.7.3,7.207333333,21.622,3,0.122997416,4.874437708
20190808,42,NA,NA,NA,AHMM,T2,2_1,4,A3,Mod.7.3,7.230666667,21.692,3,0.122264083,8.870666573
20190808,10,AHM,T2,2_2,AHMM,T2,2_2,1,D4,Mod.7.3,6.942333333,20.827,3,0.108230749,4.717128944
20190808,63,NA,NA,NA,EHAM,T2,2_1,3,A5,Mod.7.3,7.603333333,22.81,3,0.127430749,5.222575511
20190808,57,NA,NA,NA,AHSM,T2,2_2,1,B5,Mod.7.3,6.838,20.514,3,0.112130749,4.192016126
20190808,35,EHA,T0,0_2,EHAM,T2,1_1,1,A4,Mod.7.3,6.875,20.625,3,0.107664083,5.160773854
20190808,38,NA,NA,NA,EHMM,T2,2_1,1,C3,Mod.7.3,8.039333333,24.118,3,0.214664083,5.763650133
20190808,17,EHS,T1,1_1,EHSM,T2,1_1,3,B4,Mod.7.3,8.291333333,24.874,3,0.175930749,5.716639714
20190811,53,NA,NA,NA,EHSA,T0,0_1,3,A2,Amb.7.8,7.334333333,22.003,3,0.131830749,9.722832275
20190811,27,EHA,T0,0_1,EHAA,T0,0_1,1,B2,Amb.7.8,7.483333333,22.45,3,0.126330749,7.734000742
20190811,15,AHS,T1,1_1,AHSA,T0,0_1,4,B3,Amb.7.8,7.186666667,21.56,3,0.077230749,6.023053301
20190811,52,NA,NA,NA,AHSA,T0,0_2,4,C5,Amb.7.8,7.569333333,22.708,3,0.119964083,8.616827543
20190811,55,NA,NA,NA,AHSA,T0,1_2,3,D6,Amb.7.8,7.215333333,21.646,3,0.079564083,8.846001434
20190811,46,NA,NA,NA,AHMA,T0,1_2,1,D6,Amb.7.8,7.622,22.866,3,0.144830749,2.698199926
20190811,50,NA,NA,NA,AHSA,T0,1_2,2,B1,Amb.7.8,7.585333333,22.756,3,0.117897416,8.93087601
20190811,61,NA,NA,NA,AHAA,T0,0_1,2,A6,Amb.7.8,7.142666667,21.428,3,0.120597416,9.639361316
20190811,6,AHM,T2,2_1,AHMA,T0,0_2,2,C2,Amb.7.8,6.538333333,19.615,3,0.055230749,3.945493187
20190811,41,NA,NA,NA,AHMA,T0,0_1,3,A5,Amb.7.8,7.507666667,22.523,3,0.103464083,8.367020597
20190811,66,NA,NA,NA,AHAA,T0,0_1,4,B2,Amb.7.8,7.251,21.753,3,0.084397416,9.893791156
20190811,56,NA,NA,NA,EHSA,T0,1_2,1,A3,Amb.7.8,6.931,20.793,3,0.147564083,8.98196079
20190811,58,NA,NA,NA,EHSA,T0,1_2,2,B6,Amb.7.8,6.989333333,20.968,3,0.107397416,7.414283166
20190811,71,NA,NA,NA,EHAA,T0,0_2,4,C6,Amb.7.8,6.606333333,19.819,3,0.075330749,0.133111856
20190811,36,AHA,T0,0_2,AHAA,T0,0_2,3,B5,Amb.7.8,6.91,20.73,3,0.094130749,7.057589285
20190811,11,AHM,T2,2_2,AHMA,T0,0_1,1,B6,Amb.7.8,6.865333333,20.596,3,0.090430749,7.212245693
20190811,29,EHA,T0,0_1,EHAA,T0,0_1,2,D2,Amb.7.8,6.613333333,19.84,3,0.099930749,7.44326486
20190811,70,NA,NA,NA,AHAA,T0,0_2,1,C3,Amb.7.8,7.640333333,22.921,3,0.138464083,7.387537298
20190811,24,AHS,T1,1_2,AHSA,T0,1_2,2,D5,Amb.7.8,7.670333333,23.011,3,0.112330749,7.766608242
20190811,7,EHM,T2,2_2,EHMA,T0,1_2,1,D2,Amb.7.8,7.538,22.614,3,0.154830749,2.032000154
20190811,44,NA,NA,NA,EHMA,T0,0_1,3,D2,Amb.7.8,7.228,21.684,3,0.128330749,10.12477931
20190811,21,AHS,T1,1_2,AHSA,T0,1_2,3,B1,Amb.7.8,7.28,21.84,3,0.084830749,8.968071954
20190811,26,AHA,T0,0_1,AHAA,T0,0_1,1,A2,Amb.7.8,6.27,18.81,3,0.066397416,7.238529277
20190811,33,AHA,T0,0_2,AHAA,T0,0_2,1,A5,Amb.7.8,7.450666667,22.352,3,0.093064083,7.549036351
20190811,48,NA,NA,NA,AHMA,T0,0_2,3,C6,Amb.7.8,6.834666667,20.504,3,0.089697416,9.126898647
20190811,9,EHM,T2,2_2,EHMA,T0,0_2,3,B4,Amb.7.8,7.043666667,21.131,3,0.110030749,3.556722583
20190811,18,EHS,T1,1_1,EHSA,T0,0_2,1,D4,Amb.7.8,5.924,17.772,3,0.050164083,3.392031951
20190811,2,EHM,T2,2_1,EHMA,T0,0_1,1,C4,Amb.7.8,8.006,24.018,3,0.147997416,10.79128772
20190811,39,NA,NA,NA,EHMA,T0,0_2,3,C2,Amb.7.8,7.362,22.086,3,0.083097416,7.33061628
20190811,13,EHS,T1,1_1,EHSA,T0,1_2,4,A4,Amb.7.8,6.873333333,20.62,3,0.081364083,11.20742166
20190811,37,NA,NA,NA,EHMA,T0,1_2,4,C1,Amb.7.8,7.280333333,21.841,3,0.104730749,9.118789189
20190811,67,NA,NA,NA,EHAA,T0,0_2,2,B3,Amb.7.8,7.163666667,21.491,3,0.115930749,4.353424816
20190811,32,EHA,T0,0_2,EHAA,T0,0_2,2,A5,Amb.7.8,7.510333333,22.531,3,0.110397416,4.085426674
20190811,64,NA,NA,NA,EHAA,T0,0_1,2,D6,Amb.7.8,7.955,23.865,3,0.155230749,6.796658475
20190811,4,AHM,T2,2_1,AHMA,T0,1_2,2,A2,Amb.7.8,7.117,21.351,3,0.093064083,5.368033007
20190811,65,NA,NA,NA,EHAM,T2,1_1,1,B1,Mod.7.3,7.742666667,23.228,3,0.132964083,4.693429413
20190811,10,AHM,T2,2_2,AHMM,T2,2_2,3,D3,Mod.7.3,6.892,20.676,3,0.065364083,6.482887378
20190811,57,NA,NA,NA,AHSM,T2,2_2,1,D3,Mod.7.3,7.778333333,23.335,3,0.148597416,5.760008834
20190811,43,NA,NA,NA,EHMM,T2,2_2,4,C4,Mod.7.3,8.040333333,24.121,3,0.135930749,4.17802414
20190811,19,AHS,T1,1_2,AHSM,T2,2_1,1,A1,Mod.7.3,6.909,20.727,3,0.078264083,4.627202551
20190811,69,NA,NA,NA,AHAM,T2,2_1,4,B1,Mod.7.3,7.013666667,21.041,3,0.119164083,4.981112603
20190811,63,NA,NA,NA,EHAM,T2,2_1,3,A1,Mod.7.3,6.976,20.928,3,0.125264083,5.357128658
20190811,20,EHS,T1,1_2,EHSM,T2,2_1,4,A5,Mod.7.3,7.227666667,21.683,3,0.121497416,7.77212509
20190811,72,NA,NA,NA,AHAM,T2,1_1,1,C6,Mod.7.3,7.524,22.572,3,0.104897416,9.345112132
20190811,54,NA,NA,NA,EHSM,T2,1_1,2,C6,Mod.7.3,7.999,23.997,3,0.191430749,9.216172578
20190811,35,EHA,T0,0_2,EHAM,T2,1_1,2,A3,Mod.7.3,7.466,22.398,3,0.138497416,8.283647474
20190811,51,NA,NA,NA,AHSM,T2,1_1,1,A4,Mod.7.3,7.134,21.402,3,0.102664083,7.780983378
20190811,31,EHA,T0,0_2,EHAM,T2,2_1,1,B3,Mod.7.3,7.47,22.41,3,0.126330749,8.779697455
20190811,14,AHS,T1,1_1,AHSM,T2,1_1,4,A1,Mod.7.3,7.179666667,21.539,3,0.105430749,6.008340073
20190811,1,EHM,T2,2_1,EHMM,T2,2_1,3,B3,Mod.7.3,7.761666667,23.285,3,0.107064083,9.450688506
20190811,42,NA,NA,NA,AHMM,T2,2_1,2,C4,Mod.7.3,7.325,21.975,3,0.077297416,6.318074739
20190811,68,NA,NA,NA,EHAM,T2,2_2,2,B5,Mod.7.3,7.514,22.542,3,0.141997416,6.825197559
20190811,8,EHM,T2,2_2,EHMM,T2,2_2,4,A3,Mod.7.3,6.535,19.605,3,0.113364083,5.399858998
20190811,60,NA,NA,NA,AHSM,T2,1_1,2,D1,Mod.7.3,6.726333333,20.179,3,0.074097416,4.584353559
20190811,3,EHM,T2,2_1,EHMM,T2,2_1,1,B5,Mod.7.3,7.713666667,23.141,3,0.130764083,10.02623582
20190811,5,AHM,T2,2_1,AHMM,T2,2_1,1,C2,Mod.7.3,6.341666667,19.025,3,0.076930749,6.680687734
20190811,38,NA,NA,NA,EHMM,T2,2_1,2,C1,Mod.7.3,6.975666667,20.927,3,0.108030749,5.020140726
20190811,59,NA,NA,NA,EHSM,T2,1_1,3,A4,Mod.7.3,7.220333333,21.661,3,0.093530749,8.079035849
20190811,49,NA,NA,NA,EHSM,T2,1_1,2,A4,Mod.7.3,7.934333333,23.803,3,0.171697416,9.98764702
20190811,25,AHA,T0,0_1,AHAM,T2,2_1,2,B2,Mod.7.3,6.872333333,20.617,3,0.078297416,5.459413851
20190811,40,NA,NA,NA,AHMM,T2,2_1,3,C5,Mod.7.3,6.686333333,20.059,3,0.082797416,7.259388481
20190811,30,AHA,T0,0_1,AHAM,T2,1_1,4,C2,Mod.7.3,6.893,20.679,3,0.073997416,9.604525061
20190811,16,AHS,T1,1_1,AHSM,T2,1_1,3,A6,Mod.7.3,6.196666667,18.59,3,0.053230749,4.858754587
20190811,34,AHA,T0,0_2,AHAM,T2,2_2,2,A1,Mod.7.3,7.414,22.242,3,0.104130749,9.975603902
20190811,17,EHS,T1,1_1,EHSM,T2,1_1,3,D4,Mod.7.3,7.925666667,23.777,3,0.191764083,6.457064125
20190811,47,NA,NA,NA,AHMM,T2,2_2,3,D1,Mod.7.3,6.653666667,19.961,3,0.069064083,5.367447355
20190811,28,EHA,T0,0_1,EHAM,T2,2_2,2,D4,Mod.7.3,6.412,19.236,3,0.077530749,5.355046032
20190811,12,AHM,T2,2_2,AHMM,T2,2_2,3,C1,Mod.7.3,7.410333333,22.231,3,0.085497416,7.93694292
20190811,45,NA,NA,NA,EHMM,T2,2_2,3,B6,Mod.7.3,6.896,20.688,3,0.079097416,5.89607561
20190811,22,EHS,T1,1_2,EHSM,T2,2_2,1,A6,Mod.7.3,6.892333333,20.677,3,0.088997416,8.612873893
20190811,62,NA,NA,NA,AHAM,T2,2_2,1,D5,Mod.7.3,6.682666667,20.048,3,0.086564083,2.214249872
20190814,66,NA,NA,NA,AHAA,T0,0_1,3,B2,Amb.7.8,6.124666667,18.374,3,0.071397416,6.298415869
20190814,67,NA,NA,NA,EHAA,T0,0_2,1,B5,Amb.7.8,6.185666667,18.557,3,0.089497416,6.75201955
20190814,32,EHA,T0,0_2,EHAA,T0,0_2,4,A2,Amb.7.8,6.81,20.43,3,0.122697416,6.416152894
20190814,13,EHS,T1,1_1,EHSA,T0,1_2,2,D6,Amb.7.8,6.800666667,20.402,3,0.100230749,11.00318491
20190814,61,NA,NA,NA,AHAA,T0,0_1,1,B2,Amb.7.8,6.626,19.878,3,0.074864083,4.777969441
20190814,50,NA,NA,NA,AHSA,T0,1_2,3,C1,Amb.7.8,6.518,19.554,3,0.067564083,10.45278079
20190814,2,EHM,T2,2_1,EHMA,T0,0_1,1,D5,Amb.7.8,7.058,21.174,3,0.123030749,10.04544046
20190814,26,AHA,T0,0_1,AHAA,T0,0_1,2,A2,Amb.7.8,7.071666667,21.215,3,0.063930749,7.405225995
20190814,6,AHM,T2,2_1,AHMA,T0,0_2,2,B2,Amb.7.8,7.231333333,21.694,3,0.066030749,6.517362138
20190814,44,NA,NA,NA,EHMA,T0,0_1,3,A3,Amb.7.8,6.524,19.572,3,0.070564083,6.473047629
20190814,15,AHS,T1,1_1,AHSA,T0,0_1,1,B3,Amb.7.8,7.545666667,22.637,3,0.116930749,9.164551382
20190814,36,AHA,T0,0_2,AHAA,T0,0_2,3,C6,Amb.7.8,6.955,20.865,3,0.102497416,7.914671002
20190814,7,EHM,T2,2_2,EHMA,T0,1_2,1,C2,Amb.7.8,6.925333333,20.776,3,0.115064083,7.54111066
20190814,21,AHS,T1,1_2,AHSA,T0,1_2,3,A1,Amb.7.8,6.467,19.401,3,0.090830749,4.852452379
20190814,55,NA,NA,NA,AHSA,T0,1_2,1,A1,Amb.7.8,7.198333333,21.595,3,0.114697416,8.591319412
20190814,37,NA,NA,NA,EHMA,T0,1_2,2,C2,Amb.7.8,6.257333333,18.772,3,0.101364083,5.256988652
20190814,58,NA,NA,NA,EHSA,T0,1_2,1,D3,Amb.7.8,7.076,21.228,3,0.141197416,11.48420022
20190814,64,NA,NA,NA,EHAA,T0,0_1,2,A6,Amb.7.8,7.166,21.498,3,0.102830749,4.132940037
20190814,23,EHS,T1,1_2,EHSA,T0,1_2,2,B3,Amb.7.8,6.434333333,19.303,3,0.096164083,2.665012782
20190814,52,NA,NA,NA,AHSA,T0,0_2,2,D3,Amb.7.8,6.545333333,19.636,3,0.070064083,4.589974612
20190814,11,AHM,T2,2_2,AHMA,T0,0_1,4,A4,Amb.7.8,7.075666667,21.227,3,0.090730749,6.088843329
20190814,9,EHM,T2,2_2,EHMA,T0,0_2,3,D2,Amb.7.8,6.627,13.254,2,0.098846124,8.378828788
20190814,41,NA,NA,NA,AHMA,T0,0_1,2,B1,Amb.7.8,6.686666667,20.06,3,0.045064083,2.575745424
20190814,48,NA,NA,NA,AHMA,T0,0_2,3,A6,Amb.7.8,6.250333333,18.751,3,0.059564083,6.594931839
20190814,70,NA,NA,NA,AHAA,T0,0_2,1,A4,Amb.7.8,7.345333333,22.036,3,0.126630749,9.296533707
20190814,4,AHM,T2,2_1,AHMA,T0,1_2,1,D6,Amb.7.8,7.365666667,22.097,3,0.105364083,8.737661521
20190814,46,NA,NA,NA,AHMA,T0,1_2,4,C5,Amb.7.8,6.259333333,18.778,3,0.091797416,8.233245125
20190814,56,NA,NA,NA,EHSA,T0,1_2,3,C2,Amb.7.8,7.760666667,23.282,3,0.177897416,9.85112719
20190814,27,EHA,T0,0_1,EHAA,T0,0_1,3,B5,Amb.7.8,6.89,20.67,3,0.100430749,8.756660551
20190814,29,EHA,T0,0_1,EHAA,T0,0_1,3,D5,Amb.7.8,6.189333333,18.568,3,0.064697416,6.316499499
20190814,18,EHS,T1,1_1,EHSA,T0,0_2,2,D5,Amb.7.8,6.070666667,18.212,3,0.054397416,4.863783949
20190814,24,AHS,T1,1_2,AHSA,T0,1_2,4,D6,Amb.7.8,6.701,13.402,2,0.050496124,8.881216647
20190814,33,AHA,T0,0_2,AHAA,T0,0_2,2,D1,Amb.7.8,6.81,20.43,3,0.104864083,7.574309186
20190814,71,NA,NA,NA,EHAA,T0,0_2,4,C6,Amb.7.8,6.91,20.73,3,0.115064083,5.03413214
20190814,39,NA,NA,NA,EHMA,T0,0_2,1,A6,Amb.7.8,6.808666667,20.426,3,0.084664083,9.443634179
20190814,51,NA,NA,NA,AHSM,T2,1_1,4,A1,Mod.7.3,6.31,18.93,3,0.053130749,8.568780749
20190814,49,NA,NA,NA,EHSM,T2,1_1,2,D2,Mod.7.3,6.887333333,20.662,3,0.117230749,7.280926147
20190814,20,EHS,T1,1_2,EHSM,T2,2_1,1,D1,Mod.7.3,7.234666667,21.704,3,0.097530749,11.35394243
20190814,72,NA,NA,NA,AHAM,T2,1_1,3,B6,Mod.7.3,7.006666667,21.02,3,0.102130749,8.132358939
20190814,45,NA,NA,NA,EHMM,T2,2_2,1,D4,Mod.7.3,6.451666667,19.355,3,0.100364083,5.737137627
20190814,34,AHA,T0,0_2,AHAM,T2,2_2,2,A5,Mod.7.3,6.167666667,18.503,3,0.058930749,6.312492647
20190814,10,AHM,T2,2_2,AHMM,T2,2_2,4,D5,Mod.7.3,6.354333333,19.063,3,0.062897416,7.519225114
20190814,5,AHM,T2,2_1,AHMM,T2,2_1,3,B1,Mod.7.3,6.528,19.584,3,0.082097416,4.598874478
20190814,8,EHM,T2,2_2,EHMM,T2,2_2,3,A2,Mod.7.3,5.990666667,17.972,3,0.057097416,2.969196948
20190814,40,NA,NA,NA,AHMM,T2,2_1,4,A3,Mod.7.3,7.363,22.089,3,0.112064083,7.073276225
20190814,17,EHS,T1,1_1,EHSM,T2,1_1,1,C6,Mod.7.3,8.032,24.096,3,0.172897416,8.986423092
20190814,43,NA,NA,NA,EHMM,T2,2_2,3,A4,Mod.7.3,6.378,19.134,3,0.104197416,6.71710648
20190814,69,NA,NA,NA,AHAM,T2,2_1,3,D1,Mod.7.3,6.606666667,19.82,3,0.104064083,9.403975649
20190814,59,NA,NA,NA,EHSM,T2,1_1,2,A3,Mod.7.3,7.157,21.471,3,0.132230749,5.874658696
20190814,3,EHM,T2,2_1,EHMM,T2,2_1,2,C6,Mod.7.3,6.624333333,19.873,3,0.096197416,5.872527651
20190814,12,AHM,T2,2_2,AHMM,T2,2_2,1,A5,Mod.7.3,7.649333333,22.948,3,0.101064083,9.142287964
20190814,30,AHA,T0,0_1,AHAM,T2,1_1,1,C5,Mod.7.3,7.041,21.123,3,0.090364083,9.143835076
20190814,1,EHM,T2,2_1,EHMM,T2,2_1,1,A2,Mod.7.3,7.996666667,23.99,3,0.157797416,9.235884867
20190814,65,NA,NA,NA,EHAM,T2,1_1,2,B6,Mod.7.3,7.846333333,23.539,3,0.158697416,7.361637799
20190814,57,NA,NA,NA,AHSM,T2,2_2,3,D3,Mod.7.3,7.037666667,21.113,3,0.082064083,9.635403424
20190814,25,AHA,T0,0_1,AHAM,T2,2_1,1,C3,Mod.7.3,7.156333333,21.469,3,0.077364083,8.017017203
20190814,19,AHS,T1,1_2,AHSM,T2,2_1,4,B1,Mod.7.3,6.050333333,18.151,3,0.062564083,6.263633574
20190814,38,NA,NA,NA,EHMM,T2,2_1,2,B4,Mod.7.3,7.067666667,21.203,3,0.124597416,8.071522089
20190814,54,NA,NA,NA,EHSM,T2,1_1,3,D4,Mod.7.3,6.736333333,20.209,3,0.105830749,6.75337066
20190814,60,NA,NA,NA,AHSM,T2,1_1,1,D2,Mod.7.3,6.687666667,20.063,3,0.076897416,8.345786048
20190814,62,NA,NA,NA,AHAM,T2,2_2,1,B4,Mod.7.3,7.143,21.429,3,0.084330749,7.379201853
20190814,42,NA,NA,NA,AHMM,T2,2_1,2,C1,Mod.7.3,5.721,17.163,3,0.045464083,2.813345074
20190814,16,AHS,T1,1_1,AHSM,T2,1_1,3,B4,Mod.7.3,6.259,18.777,3,0.083697416,4.386734066
20190814,35,EHA,T0,0_2,EHAM,T2,1_1,4,A6,Mod.7.3,7.152,21.456,3,0.139164083,6.759181079
20190814,68,NA,NA,NA,EHAM,T2,2_2,2,C5,Mod.7.3,6.527333333,19.582,3,0.099997416,9.517189912
20190814,28,EHA,T0,0_1,EHAM,T2,2_2,4,B6,Mod.7.3,6.029,12.058,2,0.074196124,2.753932104
20190814,22,EHS,T1,1_2,EHSM,T2,2_2,1,B1,Mod.7.3,6.929333333,20.788,3,0.106664083,9.026978713
20190814,63,NA,NA,NA,EHAM,T2,2_1,3,B3,Mod.7.3,6.38,19.14,3,0.083430749,2.049703648
20190814,31,EHA,T0,0_2,EHAM,T2,2_1,2,A1,Mod.7.3,6.111,18.333,3,0.075430749,4.763332222
20190814,14,AHS,T1,1_1,AHSM,T2,1_1,3,C5,Mod.7.3,7.142666667,21.428,3,0.086764083,7.545375158
